{
    "0": {
        "error": {
            "lsd": 0.20120270550251007,
            "dild": 1.5760551691055298,
            "lre": 0.07557797431945801,
            "snr": 14.364860534667969,
            "snr_matlab": 14.48851466178894,
            "sdr": 12.21674935411909,
            "ditd": 0.020833376735751585
        },
        "name": 31
    },
    "1": {
        "error": {
            "lsd": 0.33923351764678955,
            "dild": 1.3505369424819946,
            "lre": 0.12142753601074219,
            "snr": 9.199546813964844,
            "snr_matlab": 9.207239747047424,
            "sdr": 10.39380499043752,
            "ditd": 0.0
        },
        "name": 32
    },
    "2": {
        "error": {
            "lsd": 0.361722469329834,
            "dild": 1.681764006614685,
            "lre": 0.014695540070533752,
            "snr": 14.468992233276367,
            "snr_matlab": 14.47109341621399,
            "sdr": 13.653838185532615,
            "ditd": 0.0
        },
        "name": 33
    },
    "3": {
        "error": {
            "lsd": 0.5718283653259277,
            "dild": 1.5392054319381714,
            "lre": 0.04980213940143585,
            "snr": 11.535860061645508,
            "snr_matlab": 11.48766040802002,
            "sdr": 11.797333855948194,
            "ditd": 0.0
        },
        "name": 34
    },
    "4": {
        "error": {
            "lsd": 0.5647322535514832,
            "dild": 2.1910455226898193,
            "lre": 0.04086846113204956,
            "snr": 10.313217163085938,
            "snr_matlab": 10.314441919326782,
            "sdr": 10.794338916577356,
            "ditd": 0.020833376735751585
        },
        "name": 35
    },
    "5": {
        "error": {
            "lsd": 0.559197187423706,
            "dild": 2.3999805450439453,
            "lre": 0.058367691934108734,
            "snr": 10.307649612426758,
            "snr_matlab": 10.306471586227417,
            "sdr": 10.597096705652513,
            "ditd": 0.020833376736639764
        },
        "name": 36
    },
    "6": {
        "error": {
            "lsd": 0.5663858652114868,
            "dild": 2.028554916381836,
            "lre": 0.006537884473800659,
            "snr": 10.811460494995117,
            "snr_matlab": 10.810027122497559,
            "sdr": 11.10611080592147,
            "ditd": 0.0
        },
        "name": 37
    },
    "7": {
        "error": {
            "lsd": 0.31031903624534607,
            "dild": 0.11678622663021088,
            "lre": 0.04416012763977051,
            "snr": 6.89744234085083,
            "snr_matlab": 6.889130473136902,
            "sdr": 7.425269091413329,
            "ditd": 19.062539713624815
        },
        "name": 38
    },
    "8": {
        "error": {
            "lsd": 0.5672897696495056,
            "dild": 2.3182687759399414,
            "lre": 0.06830897927284241,
            "snr": 12.445648193359375,
            "snr_matlab": 12.311125993728638,
            "sdr": 12.474917507109527,
            "ditd": 0.020833376735751585
        },
        "name": 39
    },
    "9": {
        "error": {
            "lsd": 0.5523405075073242,
            "dild": 2.39144229888916,
            "lre": 0.08499687165021896,
            "snr": 11.025928497314453,
            "snr_matlab": 10.894147157669067,
            "sdr": 11.093822369758989,
            "ditd": 0.020833376735751585
        },
        "name": 40
    },
    "10": {
        "error": {
            "lsd": 0.5866546630859375,
            "dild": 2.7226102352142334,
            "lre": 0.1745067685842514,
            "snr": 10.807754516601562,
            "snr_matlab": 10.65229058265686,
            "sdr": 10.731272239746351,
            "ditd": 0.020833376736639764
        },
        "name": 41
    },
    "11": {
        "error": {
            "lsd": 0.5956718325614929,
            "dild": 2.6272919178009033,
            "lre": 0.0978691577911377,
            "snr": 9.244860649108887,
            "snr_matlab": 9.123337268829346,
            "sdr": 10.044286375023683,
            "ditd": 0.020833376736639764
        },
        "name": 42
    },
    "12": {
        "error": {
            "lsd": 0.2393348217010498,
            "dild": 3.507087469100952,
            "lre": 0.11931490898132324,
            "snr": 12.895696640014648,
            "snr_matlab": 13.211880922317505,
            "sdr": 2.3151959625044776,
            "ditd": 0.0
        },
        "name": 43
    },
    "13": {
        "error": {
            "lsd": 0.4510546624660492,
            "dild": 1.7930619716644287,
            "lre": 0.010538697242736816,
            "snr": 13.43390941619873,
            "snr_matlab": 13.348948955535889,
            "sdr": 15.517456825695055,
            "ditd": 0.020833376735751585
        },
        "name": 44
    },
    "14": {
        "error": {
            "lsd": 0.46857622265815735,
            "dild": 2.202824115753174,
            "lre": 0.08409106731414795,
            "snr": 14.590520858764648,
            "snr_matlab": 14.443367719650269,
            "sdr": 14.951951954473934,
            "ditd": 0.04166675347239135
        },
        "name": 45
    },
    "15": {
        "error": {
            "lsd": 0.5201835036277771,
            "dild": 0.9529662728309631,
            "lre": 0.10096603631973267,
            "snr": 10.662696838378906,
            "snr_matlab": 10.555148124694824,
            "sdr": 11.129040300627167,
            "ditd": 0.04166675347239135
        },
        "name": 46
    },
    "16": {
        "error": {
            "lsd": 0.5303432941436768,
            "dild": 2.1620540618896484,
            "lre": 0.4713735282421112,
            "snr": 10.663930892944336,
            "snr_matlab": 10.542123317718506,
            "sdr": 11.070679808705506,
            "ditd": 0.0
        },
        "name": 47
    },
    "17": {
        "error": {
            "lsd": 0.5972114205360413,
            "dild": 3.0610251426696777,
            "lre": 0.2141362428665161,
            "snr": 9.105084419250488,
            "snr_matlab": 8.995970487594604,
            "sdr": 8.707387999797106,
            "ditd": 0.2291671440985965
        },
        "name": 48
    },
    "mean_snr": 11.265281120936075,
    "mean_sdr": 10.890030736057993,
    "mean_ditd": 1.0856504099198263,
    "mean_dild": 2.0345869064331055,
    "mean_lre": 0.10208553075790405,
    "model_ckpt": "C:\\Users\\Israel\\Downloads\\A2B-main\\A2B-main\\pretrained_models\\btpab\\checkpoints\\last.ckpt"
}